context,question,answer
System crashes during high-performance tasks,What is the reported error?,"The main issue reported is: System crashes during high-performance tasks. Possible causes for this issue could include hardware failures, software glitches, or misconfigurations. To troubleshoot, check the related components for any signs of damage or misbehavior, review system logs, and ensure that all drivers and firmware are up to date. Further testing or expert analysis may be required to pinpoint the root cause and implement a lasting solution."
Computer shuts off randomly,What problem is being reported?,"The main issue reported is: Computer shuts off randomly. Possible causes for this issue could include hardware failures, software glitches, or misconfigurations. To troubleshoot, check the related components for any signs of damage or misbehavior, review system logs, and ensure that all drivers and firmware are up to date. Further testing or expert analysis may be required to pinpoint the root cause and implement a lasting solution."
Graphics card fails during rendering,Can you describe the main problem?,"The main issue reported is: Graphics card fails during rendering. Possible causes for this issue could include hardware failures, software glitches, or misconfigurations. To troubleshoot, check the related components for any signs of damage or misbehavior, review system logs, and ensure that all drivers and firmware are up to date. Further testing or expert analysis may be required to pinpoint the root cause and implement a lasting solution."
Motherboard failure symptoms present,What is the main issue reported?,"The main issue reported is: Motherboard failure symptoms present. Possible causes for this issue could include hardware failures, software glitches, or misconfigurations. To troubleshoot, check the related components for any signs of damage or misbehavior, review system logs, and ensure that all drivers and firmware are up to date. Further testing or expert analysis may be required to pinpoint the root cause and implement a lasting solution."
Ethernet cable unplugged message,Can you describe the main problem?,"The main issue reported is: Ethernet cable unplugged message. Possible causes for this issue could include hardware failures, software glitches, or misconfigurations. To troubleshoot, check the related components for any signs of damage or misbehavior, review system logs, and ensure that all drivers and firmware are up to date. Further testing or expert analysis may be required to pinpoint the root cause and implement a lasting solution."
Monitor not displaying due to loose VGA cable,What is the reported error?,"The main issue reported is: Monitor not displaying due to loose VGA cable. Possible causes for this issue could include hardware failures, software glitches, or misconfigurations. To troubleshoot, check the related components for any signs of damage or misbehavior, review system logs, and ensure that all drivers and firmware are up to date. Further testing or expert analysis may be required to pinpoint the root cause and implement a lasting solution."
Disconnected network cable error on server,Can you describe the main problem?,"The main issue reported is: Disconnected network cable error on server. Possible causes for this issue could include hardware failures, software glitches, or misconfigurations. To troubleshoot, check the related components for any signs of damage or misbehavior, review system logs, and ensure that all drivers and firmware are up to date. Further testing or expert analysis may be required to pinpoint the root cause and implement a lasting solution."
Printer stopped after USB came loose,Can you describe the main problem?,"The main issue reported is: Printer stopped after USB came loose. Possible causes for this issue could include hardware failures, software glitches, or misconfigurations. To troubleshoot, check the related components for any signs of damage or misbehavior, review system logs, and ensure that all drivers and firmware are up to date. Further testing or expert analysis may be required to pinpoint the root cause and implement a lasting solution."
Audio driver issues causing no sound,What is the reported error?,"The main issue reported is: Audio driver issues causing no sound. Possible causes for this issue could include hardware failures, software glitches, or misconfigurations. To troubleshoot, check the related components for any signs of damage or misbehavior, review system logs, and ensure that all drivers and firmware are up to date. Further testing or expert analysis may be required to pinpoint the root cause and implement a lasting solution."
"Touchscreen unresponsive, driver issue suspected",Can you describe the main problem?,"The main issue reported is: Touchscreen unresponsive, driver issue suspected. Possible causes for this issue could include hardware failures, software glitches, or misconfigurations. To troubleshoot, check the related components for any signs of damage or misbehavior, review system logs, and ensure that all drivers and firmware are up to date. Further testing or expert analysis may be required to pinpoint the root cause and implement a lasting solution."
Wireless network card driver out of date,What is the reported error?,"The main issue reported is: Wireless network card driver out of date. Possible causes for this issue could include hardware failures, software glitches, or misconfigurations. To troubleshoot, check the related components for any signs of damage or misbehavior, review system logs, and ensure that all drivers and firmware are up to date. Further testing or expert analysis may be required to pinpoint the root cause and implement a lasting solution."
Video driver error after system update,What problem is being reported?,"The main issue reported is: Video driver error after system update. Possible causes for this issue could include hardware failures, software glitches, or misconfigurations. To troubleshoot, check the related components for any signs of damage or misbehavior, review system logs, and ensure that all drivers and firmware are up to date. Further testing or expert analysis may be required to pinpoint the root cause and implement a lasting solution."
Login failed with correct password,What issue has been observed?,"The main issue reported is: Login failed with correct password. Possible causes for this issue could include hardware failures, software glitches, or misconfigurations. To troubleshoot, check the related components for any signs of damage or misbehavior, review system logs, and ensure that all drivers and firmware are up to date. Further testing or expert analysis may be required to pinpoint the root cause and implement a lasting solution."
Access denied with outdated user credentials,What is the main issue reported?,"The main issue reported is: Access denied with outdated user credentials. Possible causes for this issue could include hardware failures, software glitches, or misconfigurations. To troubleshoot, check the related components for any signs of damage or misbehavior, review system logs, and ensure that all drivers and firmware are up to date. Further testing or expert analysis may be required to pinpoint the root cause and implement a lasting solution."
Database access failure due to credential mismatch,What is the reported error?,"The main issue reported is: Database access failure due to credential mismatch. Possible causes for this issue could include hardware failures, software glitches, or misconfigurations. To troubleshoot, check the related components for any signs of damage or misbehavior, review system logs, and ensure that all drivers and firmware are up to date. Further testing or expert analysis may be required to pinpoint the root cause and implement a lasting solution."
Security credentials not recognized during remote login,What problem is being reported?,"The main issue reported is: Security credentials not recognized during remote login. Possible causes for this issue could include hardware failures, software glitches, or misconfigurations. To troubleshoot, check the related components for any signs of damage or misbehavior, review system logs, and ensure that all drivers and firmware are up to date. Further testing or expert analysis may be required to pinpoint the root cause and implement a lasting solution."
Video player requires additional software plugin,What is the main issue reported?,"The main issue reported is: Video player requires additional software plugin. Possible causes for this issue could include hardware failures, software glitches, or misconfigurations. To troubleshoot, check the related components for any signs of damage or misbehavior, review system logs, and ensure that all drivers and firmware are up to date. Further testing or expert analysis may be required to pinpoint the root cause and implement a lasting solution."
Web conferencing tool asks for plugin installation,What is the reported error?,"The main issue reported is: Web conferencing tool asks for plugin installation. Possible causes for this issue could include hardware failures, software glitches, or misconfigurations. To troubleshoot, check the related components for any signs of damage or misbehavior, review system logs, and ensure that all drivers and firmware are up to date. Further testing or expert analysis may be required to pinpoint the root cause and implement a lasting solution."
Document editing software missing required plugin,What is the reported error?,"The main issue reported is: Document editing software missing required plugin. Possible causes for this issue could include hardware failures, software glitches, or misconfigurations. To troubleshoot, check the related components for any signs of damage or misbehavior, review system logs, and ensure that all drivers and firmware are up to date. Further testing or expert analysis may be required to pinpoint the root cause and implement a lasting solution."
Browser plugin required for online banking tool,What problem is being reported?,"The main issue reported is: Browser plugin required for online banking tool. Possible causes for this issue could include hardware failures, software glitches, or misconfigurations. To troubleshoot, check the related components for any signs of damage or misbehavior, review system logs, and ensure that all drivers and firmware are up to date. Further testing or expert analysis may be required to pinpoint the root cause and implement a lasting solution."
Password reset failed due to server error,Can you describe the main problem?,"The main issue reported is: Password reset failed due to server error. Possible causes for this issue could include hardware failures, software glitches, or misconfigurations. To troubleshoot, check the related components for any signs of damage or misbehavior, review system logs, and ensure that all drivers and firmware are up to date. Further testing or expert analysis may be required to pinpoint the root cause and implement a lasting solution."
User unable to update password on first attempt,What issue has been observed?,"The main issue reported is: User unable to update password on first attempt. Possible causes for this issue could include hardware failures, software glitches, or misconfigurations. To troubleshoot, check the related components for any signs of damage or misbehavior, review system logs, and ensure that all drivers and firmware are up to date. Further testing or expert analysis may be required to pinpoint the root cause and implement a lasting solution."
Failed password change on company portal,What problem is being reported?,"The main issue reported is: Failed password change on company portal. Possible causes for this issue could include hardware failures, software glitches, or misconfigurations. To troubleshoot, check the related components for any signs of damage or misbehavior, review system logs, and ensure that all drivers and firmware are up to date. Further testing or expert analysis may be required to pinpoint the root cause and implement a lasting solution."
Repeated failure notifications during password update,What is the main issue reported?,"The main issue reported is: Repeated failure notifications during password update. Possible causes for this issue could include hardware failures, software glitches, or misconfigurations. To troubleshoot, check the related components for any signs of damage or misbehavior, review system logs, and ensure that all drivers and firmware are up to date. Further testing or expert analysis may be required to pinpoint the root cause and implement a lasting solution."
Printer error 'paper jam' when trying to print high volume,What problem is being reported?,"The main issue reported is: Printer error 'paper jam' when trying to print high volume. Possible causes for this issue could include hardware failures, software glitches, or misconfigurations. To troubleshoot, check the related components for any signs of damage or misbehavior, review system logs, and ensure that all drivers and firmware are up to date. Further testing or expert analysis may be required to pinpoint the root cause and implement a lasting solution."
"Printer not printing, displaying 'service required'",What problem is being reported?,"The main issue reported is: Printer not printing, displaying 'service required'. Possible causes for this issue could include hardware failures, software glitches, or misconfigurations. To troubleshoot, check the related components for any signs of damage or misbehavior, review system logs, and ensure that all drivers and firmware are up to date. Further testing or expert analysis may be required to pinpoint the root cause and implement a lasting solution."
Printer error messages prevent job completion,What is the main issue reported?,"The main issue reported is: Printer error messages prevent job completion. Possible causes for this issue could include hardware failures, software glitches, or misconfigurations. To troubleshoot, check the related components for any signs of damage or misbehavior, review system logs, and ensure that all drivers and firmware are up to date. Further testing or expert analysis may be required to pinpoint the root cause and implement a lasting solution."
Printer stuck on 'warming up' indefinitely,What problem is being reported?,"The main issue reported is: Printer stuck on 'warming up' indefinitely. Possible causes for this issue could include hardware failures, software glitches, or misconfigurations. To troubleshoot, check the related components for any signs of damage or misbehavior, review system logs, and ensure that all drivers and firmware are up to date. Further testing or expert analysis may be required to pinpoint the root cause and implement a lasting solution."
Ink cartridge empty warning despite recent replacement,What issue has been observed?,"The main issue reported is: Ink cartridge empty warning despite recent replacement. Possible causes for this issue could include hardware failures, software glitches, or misconfigurations. To troubleshoot, check the related components for any signs of damage or misbehavior, review system logs, and ensure that all drivers and firmware are up to date. Further testing or expert analysis may be required to pinpoint the root cause and implement a lasting solution."
"Printer color output very faint, likely ink issues",What problem is being reported?,"The main issue reported is: Printer color output very faint, likely ink issues. Possible causes for this issue could include hardware failures, software glitches, or misconfigurations. To troubleshoot, check the related components for any signs of damage or misbehavior, review system logs, and ensure that all drivers and firmware are up to date. Further testing or expert analysis may be required to pinpoint the root cause and implement a lasting solution."
Black ink depleted faster than expected,What issue has been observed?,"The main issue reported is: Black ink depleted faster than expected. Possible causes for this issue could include hardware failures, software glitches, or misconfigurations. To troubleshoot, check the related components for any signs of damage or misbehavior, review system logs, and ensure that all drivers and firmware are up to date. Further testing or expert analysis may be required to pinpoint the root cause and implement a lasting solution."
"Printer refuses to print blue, indicates magenta low",What is the main issue reported?,"The main issue reported is: Printer refuses to print blue, indicates magenta low. Possible causes for this issue could include hardware failures, software glitches, or misconfigurations. To troubleshoot, check the related components for any signs of damage or misbehavior, review system logs, and ensure that all drivers and firmware are up to date. Further testing or expert analysis may be required to pinpoint the root cause and implement a lasting solution."
"SAP login inaccessible, server down message",What problem is being reported?,"The main issue reported is: SAP login inaccessible, server down message. Possible causes for this issue could include hardware failures, software glitches, or misconfigurations. To troubleshoot, check the related components for any signs of damage or misbehavior, review system logs, and ensure that all drivers and firmware are up to date. Further testing or expert analysis may be required to pinpoint the root cause and implement a lasting solution."
"Cannot retrieve data from SAP, server downtime ongoing",What is the main issue reported?,"The main issue reported is: Cannot retrieve data from SAP, server downtime ongoing. Possible causes for this issue could include hardware failures, software glitches, or misconfigurations. To troubleshoot, check the related components for any signs of damage or misbehavior, review system logs, and ensure that all drivers and firmware are up to date. Further testing or expert analysis may be required to pinpoint the root cause and implement a lasting solution."
"SAP financial module unavailable, server maintenance",What problem is being reported?,"The main issue reported is: SAP financial module unavailable, server maintenance. Possible causes for this issue could include hardware failures, software glitches, or misconfigurations. To troubleshoot, check the related components for any signs of damage or misbehavior, review system logs, and ensure that all drivers and firmware are up to date. Further testing or expert analysis may be required to pinpoint the root cause and implement a lasting solution."
"SAP HR portal unresponsive, server outage suspected",What issue has been observed?,"The main issue reported is: SAP HR portal unresponsive, server outage suspected. Possible causes for this issue could include hardware failures, software glitches, or misconfigurations. To troubleshoot, check the related components for any signs of damage or misbehavior, review system logs, and ensure that all drivers and firmware are up to date. Further testing or expert analysis may be required to pinpoint the root cause and implement a lasting solution."
"File server response timeout, critical operations delayed",What is the reported error?,"The main issue reported is: File server response timeout, critical operations delayed. Possible causes for this issue could include hardware failures, software glitches, or misconfigurations. To troubleshoot, check the related components for any signs of damage or misbehavior, review system logs, and ensure that all drivers and firmware are up to date. Further testing or expert analysis may be required to pinpoint the root cause and implement a lasting solution."
Database server stopped responding mid-query,What problem is being reported?,"The main issue reported is: Database server stopped responding mid-query. Possible causes for this issue could include hardware failures, software glitches, or misconfigurations. To troubleshoot, check the related components for any signs of damage or misbehavior, review system logs, and ensure that all drivers and firmware are up to date. Further testing or expert analysis may be required to pinpoint the root cause and implement a lasting solution."
"Application server did not respond, timing out",What issue has been observed?,"The main issue reported is: Application server did not respond, timing out. Possible causes for this issue could include hardware failures, software glitches, or misconfigurations. To troubleshoot, check the related components for any signs of damage or misbehavior, review system logs, and ensure that all drivers and firmware are up to date. Further testing or expert analysis may be required to pinpoint the root cause and implement a lasting solution."
Media server dropped connection during streaming,What is the reported error?,"The main issue reported is: Media server dropped connection during streaming. Possible causes for this issue could include hardware failures, software glitches, or misconfigurations. To troubleshoot, check the related components for any signs of damage or misbehavior, review system logs, and ensure that all drivers and firmware are up to date. Further testing or expert analysis may be required to pinpoint the root cause and implement a lasting solution."
IT support requested for new account creation,What problem is being reported?,"The main issue reported is: IT support requested for new account creation. Possible causes for this issue could include hardware failures, software glitches, or misconfigurations. To troubleshoot, check the related components for any signs of damage or misbehavior, review system logs, and ensure that all drivers and firmware are up to date. Further testing or expert analysis may be required to pinpoint the root cause and implement a lasting solution."
New hardware request form needs submission,Can you describe the main problem?,"The main issue reported is: New hardware request form needs submission. Possible causes for this issue could include hardware failures, software glitches, or misconfigurations. To troubleshoot, check the related components for any signs of damage or misbehavior, review system logs, and ensure that all drivers and firmware are up to date. Further testing or expert analysis may be required to pinpoint the root cause and implement a lasting solution."
Requesting access to specialized software,What is the reported error?,"The main issue reported is: Requesting access to specialized software. Possible causes for this issue could include hardware failures, software glitches, or misconfigurations. To troubleshoot, check the related components for any signs of damage or misbehavior, review system logs, and ensure that all drivers and firmware are up to date. Further testing or expert analysis may be required to pinpoint the root cause and implement a lasting solution."
Form submission required for additional network access,What problem is being reported?,"The main issue reported is: Form submission required for additional network access. Possible causes for this issue could include hardware failures, software glitches, or misconfigurations. To troubleshoot, check the related components for any signs of damage or misbehavior, review system logs, and ensure that all drivers and firmware are up to date. Further testing or expert analysis may be required to pinpoint the root cause and implement a lasting solution."
"Data inaccessible, network drive not responding",What is the reported error?,"The main issue reported is: Data inaccessible, network drive not responding. Possible causes for this issue could include hardware failures, software glitches, or misconfigurations. To troubleshoot, check the related components for any signs of damage or misbehavior, review system logs, and ensure that all drivers and firmware are up to date. Further testing or expert analysis may be required to pinpoint the root cause and implement a lasting solution."
"Local area network down, suspect switch failure",What problem is being reported?,"The main issue reported is: Local area network down, suspect switch failure. Possible causes for this issue could include hardware failures, software glitches, or misconfigurations. To troubleshoot, check the related components for any signs of damage or misbehavior, review system logs, and ensure that all drivers and firmware are up to date. Further testing or expert analysis may be required to pinpoint the root cause and implement a lasting solution."
"Switch lights off, network segment down",What issue has been observed?,"The main issue reported is: Switch lights off, network segment down. Possible causes for this issue could include hardware failures, software glitches, or misconfigurations. To troubleshoot, check the related components for any signs of damage or misbehavior, review system logs, and ensure that all drivers and firmware are up to date. Further testing or expert analysis may be required to pinpoint the root cause and implement a lasting solution."
"Switch reboot required, connectivity issues detected",Can you describe the main problem?,"The main issue reported is: Switch reboot required, connectivity issues detected. Possible causes for this issue could include hardware failures, software glitches, or misconfigurations. To troubleshoot, check the related components for any signs of damage or misbehavior, review system logs, and ensure that all drivers and firmware are up to date. Further testing or expert analysis may be required to pinpoint the root cause and implement a lasting solution."
Emails not updating on phone,What is the reported error?,"The main issue reported is: Emails not updating on phone. Possible causes for this issue could include hardware failures, software glitches, or misconfigurations. To troubleshoot, check the related components for any signs of damage or misbehavior, review system logs, and ensure that all drivers and firmware are up to date. Further testing or expert analysis may be required to pinpoint the root cause and implement a lasting solution."
